Index,First Name,Last Name,Company,City,Country
1,Frank,Villarreal,"Craig, Dennis and Maddox",Reidtown,Panama
2,Gloria,Lopez,Jacobs and Sons,East Judith,Nigeria
3,April,Guerra,Price PLC,Davidsonmouth,Brunei Darussalam
4,Anne,Dixon,Chambers-Cruz,West Tanyamouth,Cook Islands
5,Latasha,Fernandez,Townsend LLC,Seanport,Germany
6,Kirk,Strickland,Brewer-Thompson,North Madison,United States of America
7,Shelly,Ingram,"Braun, Fernandez and Jacobs",Sydneyton,Gibraltar
8,Clayton,Maxwell,Smith-Munoz,Triciaborough,Puerto Rico
9,Tammy,Kaufman,"Mayer, Bowen and Rowe",South Ginaside,Spain
10,Deborah,Dunlap,"Choi, Rush and Larsen",North Melindabury,United States Virgin Islands
11,Jo,Clarke,"Dalton, Welch and Beard",Lestershire,Micronesia
12,Eugene,Cabrera,Watkins-Shields,Hahnport,Greece
13,Mallory,Stevenson,"Hill, Livingston and Lozano",South Isaacbury,Cuba
14,Tami,Rogers,"Robles, Shaw and Herring",Mcdowellview,Maldives
15,Terrance,Quinn,Rios and Sons,Reeseberg,Sudan
16,Tommy,Ingram,"Middleton, Roach and Cohen",South Anna,Mexico
17,Brianna,Petersen,"Mendez, Bell and Fitzgerald",New Gabrielview,Jamaica
18,Claire,Ferrell,"Singh, Carroll and Richards",Gloverland,Pitcairn Islands
19,Leroy,Hunter,"Haney, Manning and Steele",Port Lindseyton,Cook Islands
20,Seth,Duncan,"Hoover, Johnson and Boyd",Port Gwendolyn,Mauritius
21,Lawrence,Nichols,Larsen-Green,East Deanland,Italy
22,Natasha,Bean,"Haas, Levine and Burnett",Blackwelltown,Andorra
23,Angie,Good,"Luna, Mack and Copeland",Port Brianna,Jersey
24,Spencer,Hoffman,Kelly PLC,East Johnnytown,New Zealand
25,Lacey,Horn,Patel-Turner,New Coltonton,Tajikistan
26,Tristan,Leach,Santana-Roth,South Bethanyview,Togo
27,Helen,Bolton,Conrad PLC,Michealport,Netherlands Antilles
28,Mary,Maldonado,Donovan-Lewis,Francostad,Saint Lucia
29,Amy,Rangel,"Ballard, Branch and Bullock",North Troyton,Switzerland
30,Alfred,Ortega,"Carroll, Haley and Graham",Lake Calvinfort,Uruguay
31,Carl,Archer,Mack and Sons,Paulborough,Cayman Islands
32,Carly,Mcbride,"Garrett, Shaw and Patrick",South Brianna,French Southern Territories
33,Shelly,Montgomery,"Mccullough, Castillo and Hahn",Morganfort,Ghana
34,Zoe,Pittman,Ware Ltd,Port Mercedeshaven,Martinique
35,Ana,Galloway,Villa-Frost,Fisherview,Vanuatu
36,Adam,West,"Elliott, Hoffman and Martin",Lake Kennethton,Kenya
37,Kimberly,Lewis,Johns-Howell,Browningville,Tajikistan
38,Rebecca,Gregory,"Moon, Hull and Ferrell",North Teresahaven,Somalia
39,Teresa,Moreno,Copeland-Romero,Port Marcus,Bahamas
40,Julian,Horn,"Herman, Calhoun and Holt",Phyllisland,Samoa
41,Alfred,Haynes,"West, Huynh and Galvan",Lake Lorraineshire,Bahamas
42,Melody,Forbes,Roach Group,Port Kim,Senegal
43,Courtney,Guerrero,"Estrada, Chandler and Edwards",Gordonstad,Isle of Man
44,Bradley,Donaldson,Stanley-Fritz,Port Ian,Armenia
45,Shelby,Mcgee,Foster Inc,Levystad,French Southern Territories
46,Alison,Matthews,"Terry, Morrow and Chan",North Erikafort,Taiwan
47,Andre,Bray,Powers-Mahoney,Kurtland,Tokelau
48,Jody,Daniel,Wolf Ltd,Lake Luis,Slovenia
49,Lance,Haas,"Hall, Sherman and Nguyen",Boyerville,Bulgaria
50,Sue,Moon,Rasmussen Group,South Ralph,Korea
